{"cameraMode":{"drawMode":0,"name":"Shaded","section":"Shading Mode"},"sceneLighting":true,"audioPlay":false,"sceneViewState":{"showFog":true,"showMaterialUpdate":false,"showSkybox":true,"showFlares":true,"showImageEffects":true,"showParticleSystems":true},"in2DMode":false,"pivot":{"x":169.76507568359376,"y":138.42752075195313,"z":-54.373809814453128},"rotation":{"x":-0.15617036819458009,"y":0.2179199904203415,"z":-0.03535246476531029,"w":-0.9627673029899597},"size":216.96243286132813,"orthographic":false}