{"cameraMode":{"drawMode":0,"name":"Shaded","section":"Shading Mode"},"sceneLighting":false,"audioPlay":false,"sceneViewState":{"showFog":true,"showMaterialUpdate":false,"showSkybox":false,"showFlares":true,"showImageEffects":true,"showParticleSystems":true},"in2DMode":false,"pivot":{"x":-1.0407817363739014,"y":2.1009347438812258,"z":0.7014247179031372},"rotation":{"x":-0.04820212349295616,"y":-0.060794323682785037,"z":0.002936001168563962,"w":-0.9969919919967651},"size":1.2247449159622193,"orthographic":false}